<?xml version="1.0" encoding="UTF-8"?>
<readMember xmlns="http://ns.medbiq.org/member/service/v1/" xmlns:a="http://ns.medbiq.org/address/v1/" xmlns:m="http://ns.medbiq.org/member/v1/" xmlns:n="http://ns.medbiq.org/name/v1/" xmlns:xsi="http://www.w3.org/2001/XMLSchema-instance" xsi:schemaLocation="http://ns.medbiq.org/member/service/v1/
membertypes.xsd">
	<m:Members>
		<m:Member>
			<m:UniqueID domain="AOA">12345</m:UniqueID>
			<m:Name>
				<n:FamilyName>Coleridge</n:FamilyName>
			</m:Name>
		</m:Member>
	</m:Members>
</readMember>
