<?xml version="1.0" encoding="UTF-8"?>
<n1:readMemberResponse xmlns:n1="http://ns.medbiq.org/member/service/v1/" xmlns:a="http://ns.medbiq.org/address/v1/" xmlns:m="http://ns.medbiq.org/member/v1/" xmlns:n="http://ns.medbiq.org/name/v1/" xmlns:xsi="http://www.w3.org/2001/XMLSchema-instance" xsi:schemaLocation="http://ns.medbiq.org/member/service/v1/
membertypes.xsd">
	<ResultSummary>Success</ResultSummary>
	<ResultDetails>
		<ReadResult>
			<Member>
				<m:UniqueID domain="AOA">12345</m:UniqueID>
				<m:UniqueID domain="Medscape">54321</m:UniqueID>
				<m:Name>
					<n:GivenName>Samuel</n:GivenName>
					<n:GivenName>Taylor</n:GivenName>
					<n:FamilyName>Coleridge</n:FamilyName>
				</m:Name>
				<m:Address>
					<a:StreetAddressLine>101 Main Street</a:StreetAddressLine>
					<a:City>Santa Fe</a:City>
					<a:StateOrProvince>New Mexico</a:StateOrProvince>
					<a:Country>
						<a:CountryCode>US</a:CountryCode>
					</a:Country>
				</m:Address>
			</Member>
			<Result>Success</Result>
		</ReadResult>
	</ResultDetails>
</n1:readMemberResponse>
